{
    "loss": 2.572737216949463,
    "accuracy": 0.6618704795837402
}