{
    "loss": 7.899035453796387,
    "accuracy": 0.5467625856399536
}